<?xml version="1.0" encoding="UTF-8" standalone="yes"?>
<addon id="plugin.video.vortexstreamswizard" name="Vortex Streams Home Media System Wizard" version="0.1.0" provider-name="CrypticialZ">
  <requires>
    <import addon="xbmc.python" version="2.1.0"/>
  </requires>
  <extension point="xbmc.python.pluginsource" library="default.py">
        <provides>video executable</provides>
  </extension>
  <extension point="xbmc.addon.metadata">
    <summary lang="en">Vortex Streams Home Media System Build</summary>
    <description lang="en">Home System Builds</description>
	<website>http://vortexstreamshomemedia.github.io</website>
    <platform>all</platform>
  </extension>
</addon>
